"id","title","author","age_bands","flag_type","flag_reason","recommendation"
"f239ee1f-9cc1-402c-840a-a6dea801c7c6","Adventures of Huckleberry Finn","Mark Twain","10-12","REVIEW","The N-word is used approximately 219 times throughout; pervasive racial slurs are inappropriate for unsupervised use on a children's curriculum platform regardless of literary merit.","Amy review required"
"d54c5841-4c18-4d34-ae57-c300541a835e","Ain't Burned All the Bright","Jason Reynolds","10-12","REVIEW","Centers on police violence against Black people, systemic racial trauma, and heavy emotional distress as sustained themes; ages 10-12.","Amy review required"
"9cd4e773-a45c-4dbf-9073-369dd8d55b71","All the Blues in the Sky","Renée Watson","10-12, 8-10","REVIEW","Death of a child's best friend is the central sustained plot driver. DB heads_up confirms: ""Centers on the death of a child's best friend; preview before reading.""","Amy review required"
"39f8f521-12eb-47c7-b790-5cb9d6d0604d","Amber Brown Is Not a Crayon","Paula Danziger","5-7","REVIEW","Parental divorce and its emotional impact on the child protagonist is a sustained central theme throughout the book and series.","Amy review required"
"0bb454f1-c4de-40c2-a0c4-cefadda7753b","Because of Mr. Terupt","Rob Buyea","5-7, 8-10","REVIEW","A teacher suffers a traumatic brain injury from a snowball; child guilt and the teacher's survival/recovery dominate the second half of the book.","Amy review required"
"acaebcd9-2711-40f5-8caa-b309f9ae8382","Bomb","Steve Sheinkin","10-12, 8-10","REVIEW","Covers the Manhattan Project, the Holocaust, and mass death at Hiroshima in detailed nonfiction for ages 10-12; graphic historical atrocity beyond picture-book level.","Amy review required"
"1d975941-2307-413a-824d-5a1b19795f53","Bridge to Terabithia","Katherine Paterson","8-10","REVIEW","The sudden accidental death of child friend Leslie is the central sustained emotional event; grief and loss dominate the second half of the novel.","Amy review required"
"9f083f51-a8f6-4592-b258-e371a2052b79","Choosing Brave: How Mamie Till-Mobley and Emmett Till Sparked the Civil Rights Movement","Angela Joy","2-4, 5-7","REVIEW","The torture, murder, and mutilation of 14-year-old Emmett Till is described; requires careful preview for age-appropriateness given the graphic nature of the killing.","Amy review required"
"98b0d48a-5752-4340-88b6-4f3b2c3169da","Counting by 7s","Holly Goldberg Sloan","10-12","REVIEW","Both adoptive parents die in a car accident early in the book. DB heads_up confirms parental death is ""the central emotional engine.""","Amy review required"
"ffd942f9-7a71-4f49-aaf1-03977466a7b6","Counting on Grace","Elizabeth Winthrop","5-7, 8-10","REVIEW","Child labor in early-1900s textile mills is the central subject; children work dangerous conditions and are deprived of education.","Amy review required"
"f35492f9-4c8b-4792-a57e-2a9cf726609c","Destiny of the Republic","Candice Millard","10-12","REVIEW","Centers on the assassination and slow death of President Garfield; graphic medical malpractice and the president's months-long dying are detailed.","Amy review required"
"d3c7e67d-d4b4-4edc-964a-f2c4c5e5949c","Divergent","Veronica Roth","10-12","REVIEW","Graphic dystopian violence throughout including characters murdered during initiation; war violence in the climax. At the outer edge of the platform's age range.","Amy review required"
"d2446fee-7e43-42ce-9ca0-23e71ba546ec","Echo","Pam Munoz Ryan","10-12, 8-10","REVIEW","Three storylines set in Nazi Germany (Jewish persecution), Japanese American internment, and Depression-era prejudice; dark historical atrocity requires preview for ages 8-10.","Amy review required"
"24840b2f-083c-4ef4-bb11-9293b9817f49","Esperanza Rising","Pam Munoz Ryan","10-12, 8-10","REVIEW","Father is murdered by bandits in the opening chapters; death of parent is the central plot catalyst; sustained immigration hardship and labor strike violence.","Amy review required"
"38f86438-f355-40ca-b2c0-b36c9837a905","Fahrenheit 451","Ray Bradbury","10-12","REVIEW","Mildred overdoses on sleeping pills (possible suicide attempt); violence and death are present throughout the dystopian narrative.","Amy review required"
"7134c7f2-ec4f-4986-a5c9-728ca21661d1","Fatty Legs","Christy Jordan-Fenton & Margaret Pokiak-Fenton","10-12","REVIEW","Depicts sustained emotional abuse and deliberate cultural erasure of an Indigenous child in a residential school; abuse as primary subject matter.","Amy review required"
"8208aacc-9fd2-45b3-9232-49491af93863","Feathers","Jacqueline Woodson","10-12, 8-10","REVIEW","References a stillborn sibling; racial threat of violence against Black children in 1970s South is a sustained central theme.","Amy review required"
"4959a9ed-53c9-4580-bfa8-1304dc27c5c4","Freewater","Amina Luqman-Dawson","8-10","REVIEW","Slavery and the violence of enslavement (beatings, family separation, pursuit of escapees) are the central subject; graphic historical atrocity for ages 8-10 requires preview.","Amy review required"
"36e0e3e8-f9d3-4cb0-aa39-78b34ae9f1b1","Ghost","Jason Reynolds","10-12, 8-10","REVIEW","The protagonist witnessed his father shoot at his mother in a domestic violence incident. DB heads_up confirms this is the book's backstory and central emotional driver.","Amy review required"
"daa250b4-7d66-4871-9fda-614ad35b055a","Holes","Louis Sachar","10-12, 8-10","REVIEW","A character is attacked with a shovel; a historical murder (Kissin' Kate Barlow) is depicted; the work-camp-for-juveniles setting involves coercion and physical threat.","Amy review required"
"08cda9f3-8acc-48e1-83d7-16b88946f914","Inside Out & Back Again","Thanhha Lai","10-12, 8-10","REVIEW","Vietnamese refugee family flees Saigon at the fall; war displacement, cultural trauma, and refugee hardship are sustained central themes for ages 8-10.","Amy review required"
"7c358ffa-95ad-4623-b74e-853b092f1a58","Isaac's Storm","Erik Larson","10-12, 8-10","REVIEW","The 1900 Galveston hurricane killed up to 12,000 people; mass death and graphic destruction are detailed throughout for ages 10-12.","Amy review required"
"09186b58-6be2-490f-a7ff-7546e82c030f","Liesl and Po","Lauren Oliver","8-10","REVIEW","Death of the protagonist's father is the central plot catalyst; the girl is locked in an attic by an abusive stepmother for an extended period.","Amy review required"
"92e3b92b-4364-4c6c-9c35-bbb9358fbe3f","Little House on the Prairie","Laura Ingalls Wilder","5-7, 8-10","REVIEW","Contains sustained racist depictions of Native Americans including dehumanizing language that requires careful context-setting before use.","Amy review required"
"5edc4499-7a3d-42b0-8592-4e23d62dd329","Mama's Nightingale","Edwidge Danticat","5-7, 8-10","REVIEW","Father's immigration detention and family separation are the central emotional driver; the trauma of the immigration detention system is sustained throughout.","Amy review required"
"37e9422a-2f6a-48b4-868a-3553d24b40b0","Mama's Nightingale","Edwidge Danticat","8-10","REVIEW","Father's immigration detention and family separation are the central emotional driver; the trauma of the immigration detention system is sustained throughout.","Amy review required"
"3ead0025-7f48-4616-8cfe-6d74cf38d8ec","March: Book One","John Lewis & Andrew Aydin","10-12","REVIEW","Graphic depictions of civil rights protesters being beaten by police; violent racial history depicted in graphic novel format for ages 8-10/10-12.","Amy review required"
"52c52364-137b-4ccc-b35a-ab9dd3b54511","Merci Suarez Changes Gears","Meg Medina","10-12","REVIEW","Grandfather's advancing Alzheimer's and approaching death are the sustained emotional center of the narrative; heavy illness as primary subject.","Amy review required"
"235d81c3-07e5-4598-b55c-c77929f8759a","My Brother Sam Is Dead","James Lincoln Collier","10-12, 8-10","REVIEW","Sam is executed by a firing squad by his own side; his death and the family's grief are the central sustained emotional weight of the Revolutionary War narrative.","Amy review required"
"fad47cf1-f66d-42d4-ab7e-fb18f9f905a6","One Crazy Summer: The Graphic Novel","Rita Williams-Garcia","8-10","REVIEW","The mother abandoned her three daughters; maternal abandonment is the sustained traumatic emotional center of the entire narrative.","Amy review required"
"1104857e-7703-4187-9639-58d4cae33a73","Pancho Rabbit and the Coyote","Duncan Tonatiuh","2-4, 5-7","REVIEW","The Coyote is a predatory human smuggler who traps and endangers migrants crossing the border; human trafficking-adjacent themes for ages 5-7/8-10.","Amy review required"
"6a252879-9cb2-4bf1-b713-feb6d180ee26","Pax","Sara Pennypacker","10-12","REVIEW","A boy's father forces him to abandon his beloved pet fox before sending him away due to approaching war; war violence and wartime family trauma are central.","Amy review required"
"fd2ef516-38f6-43ed-8001-cec317d8afc3","Pax","Sara Pennypacker","10-12, 8-10","REVIEW","A boy's father forces him to abandon his beloved pet fox before sending him away due to approaching war; war violence and wartime family trauma are central.","Amy review required"
"9763a055-60e4-48f3-97d2-841ab652ce49","Saints of the Household","Ari Tison","10-12","REVIEW","Two brothers witness a physical assault. DB heads_up confirms ""Violence is the central event."" Physical abuse as primary subject matter.","Amy review required"
"361bb343-d4fc-4e73-929e-8176fa88eb7f","Seabiscuit: An American Legend","Laura Hillenbrand","10-12","REVIEW","Appears to be the full adult Hillenbrand text rather than a young readers edition; contains adult narrative scope, gambling detail, and horse-injury descriptions.","Amy review required"
"c3710846-ec68-4942-b206-47598434ad02","Ship Breaker","Paolo Bacigalupi","10-12","REVIEW","Graphic survival violence throughout; the villain is a drug lord (the protagonist's father); drug trade as background world-building in a dystopia for ages 10-12.","Amy review required"
"cda9ed1d-dc62-45b4-b001-703854cfff4c","Silenced Voices: Reclaiming Memories from the Guatemalan Genocide","Pablo Leon","10-12","REVIEW","Guatemalan genocide is the central subject; survivor testimony and descriptions of atrocity require careful evaluation for age-appropriateness.","Amy review required"
"d6d72bf9-4ead-484c-b7d8-409a4ede6c78","Stella by Starlight","Sharon M. Draper","10-12","REVIEW","A KKK cross-burning opens the book; sustained racial terrorism and the threat of violence against Black characters are central themes.","Amy review required"
"890e76d1-6372-4970-97e6-14adb69520b2","Summer of the Monkeys","Wilson Rawls","8-10","REVIEW","The boy's grandfather provides him alcohol as a folk remedy; depiction of an adult giving alcohol to a child.","Amy review required"
"14f8ee6a-81b8-43c7-8350-c7cdfaace2ec","The Fighting Ground","Avi","8-10","REVIEW","A 13-year-old boy experiences Revolutionary War combat; he witnesses killing and is traumatized by violence for ages 8-10.","Amy review required"
"0174b596-5ac5-4c05-943d-4da946075f3b","The Giver","Lois Lowry","10-12, 8-10","REVIEW","Society practices euthanasia (""release""); a baby is injected and killed on-page in a pivotal scene; systematic killing of inconvenient people is central to the dystopian world.","Amy review required"
"4cfa1fa4-4b0c-431c-9384-cd1fb227cf99","The House of the Scorpion","Nancy Farmer","10-12","REVIEW","Drug lord's clone raised for organ harvesting; drug trafficking is the economic backbone of the dystopia. DB heads_up confirms ""Organ harvesting.""","Amy review required"
"f8b0cc96-cd43-4552-bad2-cd5704a73d3f","The House with a Clock in Its Walls","John Bellairs","5-7, 8-10","REVIEW","A necromancer's countdown clock threatens to end all human life; occult and dark magic are the central conflict; may conflict with some families' religious values.","Amy review required"
"ca8182d8-22b2-4c57-9f2e-c1334b07d79a","The Hunger Games","Suzanne Collins","10-12","REVIEW","Children are forced to murder each other in a televised arena; the deaths of child characters are graphic and sustained throughout the narrative.","Amy review required"
"34fb3feb-155e-429c-9ff8-262dc4e170e4","The Leaving Room","Amber McBride","10-12","REVIEW","DB confirms the book is set in a realm all young people pass through when they die; death of young people is the explicit central subject matter.","Amy review required"
"de66f7f6-8391-4a0f-bd5c-5f912bbe17d8","The Maze Runner","James Dashner","10-12","REVIEW","Characters are killed by mechanical monsters throughout; boys die violently in the maze; the death toll is significant and on-page.","Amy review required"
"37d4090d-c526-45f5-b645-7e2765014c06","The Name of the Wind","Patrick Rothfuss","10-12","REVIEW","Adult epic fantasy with mature romantic content, morally complex violence, and adult themes throughout; not written for or appropriate for a children's curriculum platform.","Amy review required"
"6a8755c9-bca1-4a05-8c39-e22901dd426b","The One and Only Bob","Katherine Applegate","5-7, 8-10","REVIEW","Bob's backstory involves a dog-fighting ring; animal cruelty (dog fighting) is referenced in the plot as Bob searches for his sister.","Amy review required"
"901121c3-91e1-4707-8317-1a6ac8576343","The Ox-Bow Incident","Walter Van Tilburg Clark","10-12","REVIEW","Three innocent men are lynched by a vigilante mob; graphic injustice and the death of innocent characters are the central moral weight of the novel.","Amy review required"
"c1fbfc92-305d-48fc-b4e8-5edef509dfc4","The Pigman","Paul Zindel","10-12","REVIEW","Two teenagers' reckless and callous behavior contributes to the death of the elderly Pigman; teen culpability for an old man's death is the central moral weight.","Amy review required"
"99a9efaa-d7d1-4760-bbb2-c2c2ee117738","The Red Badge of Courage","Stephen Crane","10-12","REVIEW","Civil War battle violence and death are depicted graphically; soldiers die on-page and the protagonist struggles with cowardice and psychological trauma.","Amy review required"
"4752d2dc-599d-4cde-beb0-deda966f30da","To Kill a Mockingbird","Harper Lee","10-12","REVIEW","A rape trial is the central plot; racial slurs appear throughout the text; the false rape accusation against a Black man by a white woman is the moral center.","Amy review required"
"69abb751-9a8a-420a-9431-2947e3a95250","Tuck Everlasting","Natalie Babbitt","5-7, 8-10","REVIEW","Mae Tuck kills a man (the Man in Yellow Suit) by striking him on the head with a gun barrel; on-page killing is a pivotal plot event.","Amy review required"
"140143b2-3f6d-4100-9e97-5406f33d1f33","Tuck Everlasting: The Graphic Novel","Natalie Babbitt","10-12, 8-10","REVIEW","Same content as the source novel: Mae Tuck's killing of the Man in Yellow Suit is depicted in graphic novel format.","Amy review required"
"64786a7e-2554-43b3-a1d6-269c03c9e3fa","A Different Pond","Bao Phi","2-4, 5-7","CLEAN","","Keep"
"b1858f24-47bf-4366-9c8a-6f8b6a7a1beb","A Drop of Water","Walter Wick","5-7, 8-10","CLEAN","","Keep"
"720a7d1a-2fb2-4e06-b397-8aaad0d36d68","A House for Hermit Crab","Eric Carle","2-4","CLEAN","","Keep"
"fb45189c-ae1c-4c48-afa1-d28b2f08acd8","A Rover's Story","Jasmine Warga","5-7, 8-10","CLEAN","","Keep"
"3c1799aa-25ec-4752-9c91-ac56f07b35cf","A Sea of Lemon Trees: The Corrido of Roberto Alvarez","María Dolores Águila","10-12, 8-10","CLEAN","","Keep"
"f64f1281-5773-481e-aa59-a2396bb0ff9e","A Seed Grows","Antoinette Portis","2-4, 5-7","CLEAN","","Keep"
"8515ce41-7c3f-4946-b367-6eb0fba6f064","A Window into the Ocean Twilight Zone","Michelle Cusolito","8-10","CLEAN","","Keep"
"3e69cb1a-89cd-42dd-aebf-08e56f5f3777","A-Ztec: A Bilingual Alphabet Book","Emmanuel Valtierra","2-4, 5-7","CLEAN","","Keep"
"f85b79c7-dab3-4d8c-af2f-0722efba8aec","Across So Many Seas","Ruth Behar","10-12","CLEAN","","Keep"
"843303ec-5968-4384-a319-452755e169fb","Actual Size","Steve Jenkins","5-7, 8-10","CLEAN","","Keep"
"dc1d1d42-ddf4-4135-939f-a38df5639ba3","Afloat","Kirli Saunders","5-7","CLEAN","","Keep"
"25a09dce-3b01-46a5-8331-4d101a250924","Aggie and the Ghost","Matthew Forsythe","2-4","CLEAN","","Keep"
"d3164fcf-8b5e-454e-85e4-f3093c87b7a9","Al Capone Does My Shirts","Gennifer Choldenko","10-12, 8-10","CLEAN","","Keep"
"2b83a332-fb31-482e-a34b-f46ab56e3b5b","Alberto Salas Plays Paka Paka con la Papa","Sara Andrea Fajardo","2-4, 5-7","CLEAN","","Keep"
"61c912a2-2699-4243-907c-9e6899cb2c98","Alexander and the Terrible Horrible No Good Very Bad Day","Judith Viorst","2-4, 5-7","CLEAN","","Keep"
"e6420aaf-1a25-4930-9f0d-ba75334893dc","Amelia Bedelia","Peggy Parish","5-7","CLEAN","","Keep"
"ee11b13e-205c-4778-a5af-89d1ec1f4199","American Murderer: The Parasite That Haunted the South","Gail Jarrow","10-12","CLEAN","","Keep"
"08613378-9b11-458d-98ca-edcde44e7272","Amina's Voice","Hena Khan","8-10","CLEAN","","Keep"
"becc0e7e-b20e-4141-8b9c-cd750c8c5ab3","Anything","Rebecca Stead","2-4, 5-7","CLEAN","","Keep"
"0b6f5c1e-fb5c-44b3-a092-88c2bd1a4876","At the Window","Hope Lim","2-4, 5-7","CLEAN","","Keep"
"bfe96837-cc37-4a92-bebd-3c915c74752b","Beautiful Oops","Barney Saltzberg","2-4","CLEAN","","Keep"
"bb09c5f5-da2c-41f0-932f-40008ee4a227","Bee Dance","Rick Chrustowski","5-7","CLEAN","","Keep"
"e93977d6-f035-4871-8148-3a25f2d78a1e","Before Colors: Where Pigments and Dyes Come From","Annette Bay Pimentel","5-7","CLEAN","","Keep"
"800fea57-6662-4603-ba6a-713c9dddd4d5","Ben Franklin's Almanac","Candace Fleming","5-7, 8-10","CLEAN","","Keep"
"956c46e8-1222-4426-b6f4-8a5b5befcb49","Benny on the Case","Wesley King","10-12, 8-10","CLEAN","","Keep"
"f938c883-c767-4295-a10c-bfab15d77719","Big","Vashti Harrison","2-4, 5-7","CLEAN","","Keep"
"31a38fbb-d870-4725-b154-298e1993bd82","Blast Off!: The Story of Mary Sherman Morgan, America's First Female Rocket Scientist","Suzanne Slade","5-7","CLEAN","","Keep"
"ecb5ab1f-95d8-4715-8323-d001546e9099","Blockhead: The Life of Fibonacci","Joseph D'Agnese","5-7, 8-10","CLEAN","","Keep"
"d5f135cf-43f0-47fa-b8e4-03e5ddaa14a1","Blockhead: The Life of Fibonacci","Joseph D'Agnese","5-7, 8-10","CLEAN","","Keep"
"30a2566e-39e9-4ee2-afa7-d61909179798","Blueberries for Sal","Robert McCloskey","2-4","CLEAN","","Keep"
"d7acaf08-7965-4c79-9132-d4b5d5fa6a9d","Botticelli's Apprentice","Ursula Murray Husted","10-12, 8-10","CLEAN","","Keep"
"b57183ab-d9a4-4f90-90da-6ea888345ecb","Bounce! The Wonderful, Wacky, World-Changing History of Rubber","Sarah Albee","5-7, 8-10","CLEAN","","Keep"
"1bf4d23c-e1d8-4670-a224-9a1375e1260a","Boxes for Katje","Candace Fleming","5-7","CLEAN","","Keep"
"8e478229-9125-411e-b7b8-7a51dc714b93","Brave","Weshoyot Alvitre","5-7","CLEAN","","Keep"
"9bf459f7-ad66-4fed-a9e8-021ac99d3177","Brave Irene","William Steig","2-4, 5-7","CLEAN","","Keep"
"18a6f7b1-1724-4ec6-bf32-329d21c67619","Brown Girl Dreaming","Jacqueline Woodson","10-12","CLEAN","","Keep"
"e9cf5467-a803-4722-8cfb-e03685c7c917","Brown Girl Dreaming","Jacqueline Woodson","10-12","CLEAN","","Keep"
"c20f6e38-458d-498e-99fd-888520897f47","Building Our House","Jonathan Bean","5-7","CLEAN","","Keep"
"c020343b-3a94-4274-b6bb-e332c9d1ddcd","Busted","Dan Gemeinhart","8-10","CLEAN","","Keep"
"8fc585a6-3849-4abe-9b04-e29313b05529","By the Great Horn Spoon!","Sid Fleischman","5-7, 8-10","CLEAN","","Keep"
"adbdfed4-533a-4cd6-91be-f3af0d023496","Call Me Roberto!: The Story of Roberto Clemente","Nathalie Alonso","5-7, 8-10","CLEAN","","Keep"
"c6dbe5d7-1c9f-4315-be27-2f89f0d3cea5","Caps for Sale","Esphyr Slobodkina","2-4","CLEAN","","Keep"
"8281d83d-6021-4a50-b82a-5a03cf32197a","Castle","David Macaulay","10-12, 8-10","CLEAN","","Keep"
"74fca92f-7b4c-4fb8-ae2a-faf42357682e","Cece Loves Science","Kimberly Derting","5-7","CLEAN","","Keep"
"fa6321a2-dc99-44c0-bf99-c6c9e1c68fe7","Charlotte's Web","E.B. White","5-7, 8-10","CLEAN","","Keep"
"a3f0255d-20da-4d4c-98bc-c8f957a187f9","Chasing Vermeer","Blue Balliett","8-10","CLEAN","","Keep"
"48978b94-9845-4908-be85-85e77a60edae","Chicka Chicka Boom Boom","Bill Martin Jr.","2-4","CLEAN","","Keep"
"0b93858b-1484-42c5-993b-59aa28e6a98c","Chooch Helped","Andrea L. Rogers","2-4, 5-7","CLEAN","","Keep"
"25aba46b-c9ce-40d3-be9c-a0e32a8a8c07","Chrysanthemum","Kevin Henkes","2-4, 5-7","CLEAN","","Keep"
"8b2ea0be-bf21-4a2c-a4c0-bba3e132b99a","Clementine","Sara Pennypacker","5-7","CLEAN","","Keep"
"ad2a033f-c5f0-4e35-bbeb-2e736bbba0f4","Click Clack Moo: Cows That Type","Doreen Cronin","2-4, 5-7","CLEAN","","Keep"
"4ed65746-1652-494c-95fd-649d3f1053b9","Clifford the Big Red Dog","Norman Bridwell","2-4","CLEAN","","Keep"
"6da4c965-62db-4138-9f65-faba4c100ebe","Corduroy","Don Freeman","2-4","CLEAN","","Keep"
"1f2900b1-9c81-4b0e-a4e5-dd2e47d20cb6","Count on Me","Miguel Tanco","2-4","CLEAN","","Keep"
"a139a139-2319-4d73-84e3-517400c4e03a","Counting on Katherine","Helaine Becker","8-10","CLEAN","","Keep"
"6afdb8b6-c7b4-4608-a2f6-7879808da19c","Creep, Leap, Crunch! A Food Chain Story","Jody Jensen Shaffer","5-7","CLEAN","","Keep"
"6acd87a9-74c3-4720-84c0-14a9f636d84e","Creepy Carrots!","Aaron Reynolds","2-4","CLEAN","","Keep"
"07b8665d-05d3-45a6-9122-8726aa6aca95","Croco","Azul López","2-4","CLEAN","","Keep"
"fa8c4a5b-89cd-4af5-8030-aac43141dcef","Dark Nights and Light Hearts: A Muslim Book of Opposites","Hena Khan","2-4","CLEAN","","Keep"
"7c8af3b6-effe-4be0-ac84-d509ed9734da","Dawn: Watch the World Awaken","Marc Martin","2-4","CLEAN","","Keep"
"059bbc49-9742-4eae-8200-2bbd64e79188","Diary of a Spider","Doreen Cronin","2-4, 5-7","CLEAN","","Keep"
"ff3e0389-e6f9-4b05-965b-39e3b5586f77","Diary of a Worm","Doreen Cronin","2-4, 5-7","CLEAN","","Keep"
"d4217ade-e4f8-446c-8d5c-ff1428961ed6","Digging Up Dinosaurs","Aliki","5-7","CLEAN","","Keep"
"684ebd3f-446d-4e68-b20a-dd5fe819d7d9","Doctor De Soto","William Steig","2-4, 5-7","CLEAN","","Keep"
"7b780b79-8ed2-4fb4-9559-f8031e1c0a18","Don't Let the Pigeon Drive the Bus","Mo Willems","2-4","CLEAN","","Keep"
"2b0e837b-e50b-40db-8a86-75aedd4f2a23","Don't Trust Fish","Neil Sharpson","2-4, 5-7","CLEAN","","Keep"
"864002ca-20a7-446f-acdf-f3e561045a4b","Dragon Flower","Chen Jiang Hong","5-7","CLEAN","","Keep"
"c4bb0ab6-ee4c-4a3f-86fc-9666f291e713","Dragons Love Tacos","Adam Rubin","2-4","CLEAN","","Keep"
"c00d0d42-e25d-45d2-aa3b-84605898acb2","Drawn Onward","Daniel Nayeri","2-4, 5-7","CLEAN","","Keep"
"9ecafe57-379b-4883-a410-b5f095437989","Drum Dream Girl","Margarita Engle","2-4, 5-7","CLEAN","","Keep"
"6ce545e9-8d59-40fb-87ca-0f66818d56bf","Duck and Goose","Tad Hills","2-4","CLEAN","","Keep"
"30f5f7bf-b39d-4dc2-ba26-1529a3e755ed","Dune","Frank Herbert","10-12","REMOVE","The spice melange — an explicitly addictive mind-altering drug — is the central substance and plot driver throughout; Guild Navigators and Fremen are depicted as addicted. Automatic ban: substance use/drugs.","Remove immediately"
"41bb9133-6ede-4b29-8ee1-6dced433001c","Each Kindness","Jacqueline Woodson","5-7, 8-10","CLEAN","","Keep"
"4d8b90ca-7eba-4dd6-a1fc-87267e1eaef6","Eagle Drums","Nasugraq Rainey Hopson","8-10","CLEAN","","Keep"
"b9e3cac1-06cd-4d6c-a8c5-255a4d2a3a1c","Earthrise: How the Apollo 8 Crew Photographed the World","Leonard S. Marcus","10-12, 8-10","CLEAN","","Keep"
"b749b3a3-bedc-41dc-844c-afa21fa81009","Elf Dog and Owl Head","M.T. Anderson","8-10","CLEAN","","Keep"
"aa6d9b53-68b4-4d6f-804d-30858fe9501d","Enemy Pie","Derek Munson","2-4, 5-7","CLEAN","","Keep"
"15e30545-0363-4363-918c-ee586100d1f8","Ethan Frome","Edith Wharton","10-12","REMOVE","Adultery is the central plot and the climax is a mutual suicide attempt (the sled smashup) by the two lovers. Automatic bans: sexual content + suicide.","Remove immediately"
"a826ccf7-f052-446d-8946-ce11ace0ce49","Every Monday Mabel","Jashar Awan","2-4","CLEAN","","Keep"
"f547f4a0-0624-44fb-b4d6-6d6a664ca59c","Everywhere, Wonder","Matthew Swanson","2-4","CLEAN","","Keep"
"2169090a-3ba3-4389-9d59-96a6313928d2","Extra Yarn","Mac Barnett","2-4, 5-7","CLEAN","","Keep"
"3c0fc575-d2af-4436-96f2-a7e6463a2ff3","Fablehaven","Brandon Mull","8-10","CLEAN","","Keep"
"e616e2ea-24f7-45d4-8767-65b81505b43a","Fireworks","Matthew Burgess","2-4, 5-7","CLEAN","","Keep"
"be1f945f-4b45-4c5e-bd65-232dbd7fbd2c","Fish and Wave","Sergio Ruzzier","2-4, 5-7","CLEAN","","Keep"
"19013de9-4f4a-4440-a09e-892784d69cba","Flat Stanley","Jeff Brown","5-7","CLEAN","","Keep"
"9d4e9dea-4b4e-4e70-ab09-5e5ceb712b8d","Flower Talk","Sara Levine","5-7","CLEAN","","Keep"
"145e26b0-1c36-4a02-886e-8b1583875661","Fox Has a Problem","Corey R. Tabor","2-4, 5-7","CLEAN","","Keep"
"b5c2d026-d29b-4f9d-b5c2-c24ce733a0fd","Fox Versus Fox","Corey R. Tabor","2-4, 5-7","CLEAN","","Keep"
"fe9950f6-4eab-4252-a098-de25830ae124","Frederick","Leo Lionni","2-4, 5-7","CLEAN","","Keep"
"58924788-0849-4803-9668-dcb1a1af3465","Freight Train","Donald Crews","2-4","CLEAN","","Keep"
"c33a58b7-cfb2-4498-9b8e-1edf2d3c3cd6","Frizzy","Claribel A. Ortega","5-7, 8-10","CLEAN","","Keep"
"f0247dc5-ea52-4988-a520-1b58c49846fa","Frog and Toad Are Friends","Arnold Lobel","2-4, 5-7","CLEAN","","Keep"
"a06d73c5-0ef8-4cd0-98b5-1323a742ad62","From Seed to Plant","Gail Gibbons","2-4, 5-7","CLEAN","","Keep"
"69651b0d-0e1b-4fd2-b7f2-f7380a2c99c3","Full Moon","Michael Light","10-12, 8-10","CLEAN","","Keep"
"e399a9c3-7c4a-416a-b9bf-7c5a8c329a62","Gentle Ben","Walt Morey","5-7, 8-10","CLEAN","","Keep"
"0e90b8a7-1aac-409a-9910-10ec840296a5","George and Martha","James Marshall","2-4","CLEAN","","Keep"
"ea2a918c-ba66-4d0b-8035-daa668fade8e","Gigi and Ojiji","Melissa Iwai","2-4, 5-7","CLEAN","","Keep"
"aff545fa-511e-4399-b6b4-1c2029ee0b53","Goodnight Gorilla","Peggy Rathmann","2-4","CLEAN","","Keep"
"99dab38b-e906-4cbb-a14d-7c3662017d9c","Goodnight Moon","Margaret Wise Brown","2-4","CLEAN","","Keep"
"4c6cbef2-3a58-4893-a552-b23f766ac041","Grand Canyon","Jason Chin","5-7, 8-10","CLEAN","","Keep"
"38e98c70-3730-4e7e-b648-680b37a629ba","Grandmother's Dreamcatcher","Becky Ray McCain","5-7","CLEAN","","Keep"
"442c6618-0291-4ea9-a376-dbcf47383b48","Green Eggs and Ham","Dr. Seuss","2-4","CLEAN","","Keep"
"699cfa9d-6654-47af-89dc-d0fec191f638","Greenglass House","Kate Milford","10-12","CLEAN","","Keep"
"2c233aaf-1132-4bf9-aeea-0f93cf6f1b4f","Grief Is an Elephant","Tamara Ellis Smith","5-7","CLEAN","","Keep"
"6c4b17d3-91d8-43ca-9693-1c943fabd262","Growing Vegetable Soup","Lois Ehlert","2-4","CLEAN","","Keep"
"85bea2e1-c46a-4df7-84c4-768780144e69","Grumpy Monkey","Suzanne Lang","2-4","CLEAN","","Keep"
"ba0c7b74-edef-46b9-ac5f-5e492144459c","Hair Love","Matthew A. Cherry","2-4, 5-7","CLEAN","","Keep"
"0d1302d0-b5cf-4e39-a4c0-359f0622f804","Harold and the Purple Crayon","Crockett Johnson","2-4","CLEAN","","Keep"
"6a24899d-cfae-4ce2-b045-c6756c48997a","Harriet the Spy","Louise Fitzhugh","5-7, 8-10","CLEAN","","Keep"
"2f9736ef-8086-4778-97f1-cbffe7f47ad3","Hatchet","Gary Paulsen","10-12, 8-10","CLEAN","","Keep"
"b9047b0e-4fd9-4b85-a6bf-2c3a7a8ad052","Hatchet","Gary Paulsen","10-12, 8-10","CLEAN","","Keep"
"37f69898-b81f-41eb-bd07-ff6c2cc1cd6f","Hello, Stranger","Barbara O'Connor","5-7, 8-10","CLEAN","","Keep"
"7bc55181-dde1-4725-9bf3-d59f4817b557","Henry, Like Always","Jenn Bailey","2-4, 5-7","CLEAN","","Keep"
"59f97dc6-96c7-41e5-822c-963cfae4beb4","Holding Her Own: The Exceptional Life of Jackie Ormes","Traci N. Todd","5-7, 8-10","CLEAN","","Keep"
"6df0d6b8-5528-486b-ac8d-7af57da421ed","Hot Dog","Doug Salati","2-4, 5-7","CLEAN","","Keep"
"665c09d6-2481-4644-aaa9-8453d527439e","How a House Is Built","Gail Gibbons","2-4, 5-7","CLEAN","","Keep"
"a0a9265c-c1e6-42f8-a89a-d4218e91eac3","How Dinosaurs Went Extinct: A Safety Guide","Ame Dyckman","2-4, 5-7","CLEAN","","Keep"
"59825a90-3e9c-4274-8451-0692c31be197","How Do Dinosaurs Say Goodnight","Jane Yolen","2-4","CLEAN","","Keep"
"1e6c0a94-6ab8-4cf4-b551-d35db3ee30f5","How Many Seeds in a Pumpkin?","Margaret McNamara","5-7","CLEAN","","Keep"
"a3ee120a-fd01-4952-8d48-c095a9c4ca8a","How to Count to 1","Casper Salmon","2-4, 5-7","CLEAN","","Keep"
"b757bb46-56e4-46c3-81fe-35d5d71049d4","How to Find a Fox","Nilah Magruder","2-4","CLEAN","","Keep"
"38172710-2447-45d0-860f-cadf6945ad61","How to Write a Poem","Kwame Alexander","5-7","CLEAN","","Keep"
"60cc4f62-215b-482b-8f75-e8a003e3ff61","Human Body Theater","Maris Wicks","8-10","CLEAN","","Keep"
"941f636f-b69a-400d-a8f4-ccf669a9220e","I Did It!","Michael Emberley","2-4, 5-7","CLEAN","","Keep"
"69c7aa1b-e76e-4d86-831f-4e11bf64564b","I Like Myself!","Karen Beaumont","2-4, 5-7","CLEAN","","Keep"
"51eca779-fae5-4bb2-afea-e91abf52840d","If You Give a Mouse a Cookie","Laura Numeroff","2-4","CLEAN","","Keep"
"7a8abd24-5ca4-4313-9fbf-e67f5780b5df","If You Give a Pig a Pancake","Laura Numeroff","2-4","CLEAN","","Keep"
"cff4c227-257c-4f73-8825-5079a271e779","If You Made a Million","David M. Schwartz","5-7, 8-10","CLEAN","","Keep"
"f166d77a-714a-461a-88ba-53e0c2b7b86a","If You Plant a Seed","Kadir Nelson","2-4","CLEAN","","Keep"
"8bbb56d2-d371-4708-aa59-6fa2c6c27214","Iggy Peck, Architect","Andrea Beaty","2-4, 5-7","CLEAN","","Keep"
"17998ab4-fa54-43d1-8609-2f8fa815b497","In a Small Small Pond","Denise Fleming","2-4","CLEAN","","Keep"
"ecc79c13-3650-4904-8dc5-a1ba61000232","In Every Life","Marla Frazee","2-4, 5-7","CLEAN","","Keep"
"36270554-2d9b-4027-b7f0-5c1814a1a682","Inch by Inch","Leo Lionni","2-4","CLEAN","","Keep"
"867cc1c0-1217-4cab-8e58-84b3563a9951","Invisible Things","Andy J. Pizza","2-4, 5-7","CLEAN","","Keep"
"4fe5696f-a74f-4be2-8a83-2bfd6a63a725","Ish","Peter Reynolds","2-4, 5-7","CLEAN","","Keep"
"41667289-65ac-4a0d-93ab-c32b157b5600","Island Storm","Brian Floca","5-7","CLEAN","","Keep"
"82c0a2ac-8c49-45a1-9adb-1e7e2fe7c0e0","Iveliz Explains It All","Andrea Beatriz Arango","5-7, 8-10","CLEAN","","Keep"
"74bdd11a-4b39-4b35-987f-cc0a8148196d","J vs. K","Jerry Craft and Kwame Alexander","10-12, 8-10","CLEAN","","Keep"
"a0882c53-43f7-464a-9184-06451c1d8f5f","Jovita Wore Pants: The Story of a Mexican Freedom Fighter","Aida Salazar","2-4, 5-7","CLEAN","","Keep"
"9a3b440a-19f8-4e4a-b911-9d55fb113519","Jumanji","Chris Van Allsburg","2-4, 5-7","CLEAN","","Keep"
"80852334-2007-4931-908e-5c9ef2a39a3b","Jumper: A Day in the Life of a Backyard Jumping Spider","Jessica Lanan","5-7, 8-10","CLEAN","","Keep"
"b147c16a-1c98-4973-864e-59ab4c1bf942","Knuffle Bunny","Mo Willems","2-4","CLEAN","","Keep"
"1c15c86a-050a-45be-9c50-7a125e437df0","Legendary Frybread Drive-In: Intertribal Stories","edited by Cynthia Leitich Smith","10-12","CLEAN","","Keep"
"d8da174b-ef98-40c0-9aad-303aabbbf302","Leo the Late Bloomer","Robert Kraus","2-4","CLEAN","","Keep"
"43f2bcf6-b39d-49b6-a44c-e412b3d46def","Life after Whale","Lynn Brunelle","5-7, 8-10","CLEAN","","Keep"
"dd309e54-98ed-48e5-a3ab-16a0542017f8","Lilly's Purple Plastic Purse","Kevin Henkes","2-4, 5-7","CLEAN","","Keep"
"a87ce494-6264-494e-9861-a58e6dd3fd37","Little Bear","Else Holmelund Minarik","5-7","CLEAN","","Keep"
"8d689bd5-3fae-4871-b65c-482ea37eba91","Little Blue Truck","Alice Schertle","2-4","CLEAN","","Keep"
"e9f85bce-0ffa-4f8e-8403-df9600e8e66e","Little House in the Big Woods","Laura Ingalls Wilder","5-7, 8-10","CLEAN","","Keep"
"59d6dc24-da05-4440-a6ec-700b8376f0f0","Little Rebels","Yuyi Morales","5-7","CLEAN","","Keep"
"565cb2b4-e06a-4bbd-83d5-bc0294d0072e","Lola","Karla Arenas Valenti","2-4, 5-7","CLEAN","","Keep"
"3e3ebe0b-16b7-45bc-b233-6dd49c7eab1f","Mae and Gerty and the Matter with Matter","Elaine Vickers","5-7","CLEAN","","Keep"
"5c1d387e-e54f-4c06-8539-777384a1626a","Maizy Chen's Last Chance","Lisa Yee","5-7, 8-10","CLEAN","","Keep"
"4b6a73aa-6697-4825-95bd-10ee3c421ab1","Make Way for Ducklings","Robert McCloskey","2-4, 5-7","CLEAN","","Keep"
"eefd9881-2568-477d-b194-38ee0ad5b41f","Making Art","Diana Ejaita","2-4, 5-7","CLEAN","","Keep"
"dcf3c533-260c-46fa-b8af-d833661b3cee","Malcolm X: A Graphic Biography for Young Readers","Ibram X. Kendi","10-12","CLEAN","","Keep"
"74adedf5-42d5-44e9-91b7-58f26aa8b2d8","Mama Miti: Wangari Maathai and the Trees of Kenya","Donna Jo Napoli","2-4, 5-7","CLEAN","","Keep"
"2586df9d-d90d-475b-8e21-23c1656afec8","Mama Panya's Pancakes","Mary Chamberlin & Rich Chamberlin","5-7","CLEAN","","Keep"
"afe8975e-de44-4f66-b232-0a93212ab7ba","Maybe Something Beautiful","F. Isabel Campoy & Theresa Howell","2-4, 5-7","CLEAN","","Keep"
"65257dac-8d40-40eb-9987-47af0b1eadd6","Messy Roots","Laura Gao","10-12","CLEAN","","Keep"
"ea9a1df0-a65d-4e86-b64e-9f0390c32f67","Mexikid","Pedro Martín","5-7, 8-10","CLEAN","","Keep"
"cdafec6b-7f9b-4469-98cc-2ba297387371","Mike Mulligan and His Steam Shovel","Virginia Lee Burton","2-4, 5-7","CLEAN","","Keep"
"a97e9dcc-8605-411c-99b6-1422b1cd8d4b","Mimic Makers: Biomimicry Inventors Inspired by Nature","Kristen Nordstrom","5-7, 8-10","CLEAN","","Keep"
"98dc0f3d-9fca-43ed-a79d-bd805395e6c7","Miss Rumphius","Barbara Cooney","2-4, 5-7","CLEAN","","Keep"
"07b9091f-2db4-42a9-87da-bf19c2773f75","Mistaco","Eliza Kinkz","2-4","CLEAN","","Keep"
"31acd605-c68d-4caf-9101-83f2a7c319a9","Mixed: A Colorful Story","Arree Chung","2-4","CLEAN","","Keep"
"769a4e13-eef7-4616-bdd0-bf764d7b8f40","Moonbird","Phillip Hoose","10-12, 8-10","CLEAN","","Keep"
"a58a864c-dfa0-43c9-8461-f1240f655db0","Mr. Popper's Penguins","Richard and Florence Atwater","5-7, 8-10","CLEAN","","Keep"
"ed7ffd68-7cf7-40d6-9857-7810a53a1bd7","Mr. Revere and I","Robert Lawson","5-7, 8-10","CLEAN","","Keep"
"702a637c-d97e-44e1-a6cf-059a3e0ccd43","Mrs. Piggle-Wiggle","Betty MacDonald","5-7","CLEAN","","Keep"
"ffb5959d-8aa5-4f29-a26f-c01d7be5c43b","My Antarctica: True Adventures in the Land of Mummified Seals, Space Robots, and So Much More","G. Neri","8-10","CLEAN","","Keep"
"3db234ed-546c-4b3b-8043-ec1433fd1f20","My Antonia","Willa Cather","10-12","REMOVE","Mr. Shimerda's suicide by self-inflicted gunshot is depicted on-page and is a pivotal narrative event. Automatic ban: suicide.","Remove immediately"
"afdd6964-9729-4b39-bc67-7e61f4ec1abd","My Daddy Is a Cowboy","Stephanie Seales","2-4, 5-7","CLEAN","","Keep"
"ece6e720-e899-4d16-8b34-8ee6dd6b2e12","My Father's Dragon","Ruth Stiles Gannett","5-7","CLEAN","","Keep"
"75394ecd-118a-43d1-b61c-12ee40b0f9c8","My Heart Fills with Happiness","Monique Gray Smith","2-4","CLEAN","","Keep"
"83414db6-1d55-4ee9-975e-2c4585c6f8b2","My Side of the Mountain","Jean Craighead George","5-7, 8-10","CLEAN","","Keep"
"373d6813-bed4-4458-9fda-3c8566a6a6ff","My Strange Shrinking Parents","Zeno Sworder","5-7","CLEAN","","Keep"
"8076a409-593f-44ac-9866-dfa940422b1d","Neighborhood Sharks","Katherine Roy","8-10","CLEAN","","Keep"
"67c7c414-aa58-4089-9c10-479bf96067ab","Nell Plants a Tree","Anne Wynter","2-4, 5-7","CLEAN","","Keep"
"2ad54316-f66e-4668-8c30-dfea2fce2b78","Neon","Jason Reynolds","10-12, 8-10","CLEAN","","Keep"
"fdf9f565-4fae-4ca3-82dc-bc0ec27930d8","Never Give Up: Dr. Katalin Karikó and the Race to the COVID-19 Vaccine","Debbie Dadey","5-7","CLEAN","","Keep"
"35432dc8-06a8-4787-ae3c-334411f91d2e","NOA","Aaron Becker","5-7, 8-10","CLEAN","","Keep"
"bfb3cd70-4933-42ff-b14d-861e9627c19f","Not a Box","Antoinette Portis","2-4","CLEAN","","Keep"
"93751837-38bb-4195-9c16-42e51b2406d4","O Pioneers!","Willa Cather","10-12","REMOVE","Frank shoots and kills Emil and Marie (engaged in an extramarital affair) in a graphic double murder that is the dramatic climax of the novel. Automatic ban: graphic violence; adult sexual themes.","Remove immediately"
"d857f408-25a5-4b40-b85c-2b0847a94aad","Officer Buckle and Gloria","Peggy Rathmann","2-4, 5-7","CLEAN","","Keep"
"d5fec630-3776-41c7-9ede-018d1df57c84","Once Upon a Book","Grace Lin","2-4, 5-7","CLEAN","","Keep"
"3d8d04a8-c995-42af-872b-af90aa17834f","One Grain of Rice","Demi","5-7, 8-10","CLEAN","","Keep"
"f83c9cf8-0ffe-4194-8ca9-f17884ed9582","Our Lake","Angie Kang","2-4","CLEAN","","Keep"
"97d24e32-12cd-4955-965c-453a6f1ca315","Out of My Mind","Sharon M. Draper","10-12, 8-10","CLEAN","","Keep"
"c37d386a-384f-4ebc-a192-d022a160982c","Over and Under the Pond","Kate Messner","2-4, 5-7","CLEAN","","Keep"
"de0bdff0-25f4-442e-9fb1-b38b045cb1c0","Over in the Meadow","John Langstaff","2-4","CLEAN","","Keep"
"5280e340-b84c-45df-aa64-ab6c93be3436","Owl and Penguin","Vikram Madan","2-4, 5-7","CLEAN","","Keep"
"0a65cafe-2ed4-437b-91f7-c3d8b97ff8e3","Owl at Home","Arnold Lobel","2-4, 5-7","CLEAN","","Keep"
"413fd0ea-1b8e-412e-a3c8-8fb52e1614ea","Owl Moon","Jane Yolen","2-4, 5-7","CLEAN","","Keep"
"7202ae61-a957-488d-baa2-f858ecbdeb5e","Ox-Cart Man","Donald Hall","5-7, 8-10","CLEAN","","Keep"
"c4bd77c6-eebc-43fb-ba90-39d6efcd571a","Papá's Magical Water-Jug Clock","Jesús Trejo","2-4","CLEAN","","Keep"
"c9f60a49-a68b-43fb-ba80-d91c7d462a66","Plague-Busters! A Germ-Hunter's History of Fighting Deadly Disease","Lindsey Fitzharris","10-12, 8-10","CLEAN","","Keep"
"277210ae-377e-4e7f-8f1e-024f5351679b","Planting a Rainbow","Lois Ehlert","2-4","CLEAN","","Keep"
"6bd180f9-7b83-49c4-9bda-6da64f1e5fdd","Planting the Wild Garden","Kathryn O. Galbraith","5-7","CLEAN","","Keep"
"c2364917-f224-4f6a-b6e0-e1f6798c9364","Please Pay Attention","Jamie Sumner","10-12","CLEAN","","Keep"
"3dd5ddf3-152a-46aa-87dd-d55fc1094d22","Pocket","Katherine Applegate","8-10","CLEAN","","Keep"
"132926d5-66d5-43b6-9802-01a5f532e910","Pony","R.J. Palacio","5-7, 8-10","CLEAN","","Keep"
"e1799254-5eb7-47d1-80a4-53498c75d9a3","Popo the Xolo","Paloma Angelina Lopez","2-4, 5-7","CLEAN","","Keep"
"3034b7ff-4fdf-4dd2-9bfb-154d6ec41a04","Poppy","Avi","8-10","CLEAN","","Keep"
"acabaf79-91f6-4fdb-82d8-993ccddf41ca","Press Here","Herve Tullet","2-4","CLEAN","","Keep"
"127de517-98be-493e-8a0f-8982fb30b5de","Rain!","Linda Ashman","2-4","CLEAN","","Keep"
"50d9c57d-0e83-475e-bc84-657c461498eb","Ramona Quimby Age 8","Beverly Cleary","5-7, 8-10","CLEAN","","Keep"
"51497abd-9e63-46b5-a45c-8e1cd0f4f085","Ramona the Pest","Beverly Cleary","5-7","CLEAN","","Keep"
"c1c4b6b9-0e00-41ea-a327-b9f14481353b","Red Rising","Pierce Brown","10-12","REMOVE","Adult sci-fi with graphic gladiatorial killing throughout and a sexual assault threat against a main character. DB confirms ""Violence throughout."" Automatic ban: graphic violence + sexual content.","Remove immediately"
"771d8409-2080-43d8-84c7-821c6e0b85e6","Remarkably Ruby","Terri Libenson","8-10","CLEAN","","Keep"
"b38be417-362b-4101-95db-f6f91732825d","Revolutionary Mary: The True Story of One Woman, the Declaration of Independence, and America's Fight for Freedom","Karen Blumenthal and Jen McCartney","5-7, 8-10","CLEAN","","Keep"
"b99bb54f-d140-4be5-9905-868da408ea9d","Rosie Revere, Engineer","Andrea Beaty","2-4, 5-7","CLEAN","","Keep"
"b843eeb9-cbac-46e8-91f8-67528a761b72","Roxaboxen","Alice McLerran","2-4, 5-7","CLEAN","","Keep"
"4bcea89e-df02-456b-8119-d1231f83b861","Runaway Bunny","Margaret Wise Brown","2-4","CLEAN","","Keep"
"3374fa70-9372-46c2-84a2-d4de5f808858","Sam and Dave Dig a Hole","Mac Barnett","2-4, 5-7","CLEAN","","Keep"
"fb8514c6-dd24-4491-a3fe-c6efba4687d4","Santiago Saw Things Differently: Santiago Ramón y Cajal, Scientific Artist","Christine Iverson","5-7","CLEAN","","Keep"
"4bce4c59-7edb-459f-be92-0a6b7e10aedf","Savvy","Ingrid Law","5-7, 8-10","CLEAN","","Keep"
"84fa5cfc-c073-4b4c-9bb5-b31dcb2c513c","Seeds of Change","Jen Cullerton Johnson","5-7, 8-10","CLEAN","","Keep"
"8dbf5c30-09c9-4830-81c1-7017eb49e688","Seen and Unseen: What Dorothea Lange, Toyo Miyatake, and Ansel Adams's Photographs Reveal About the Japanese American Incarceration","Elizabeth Partridge","5-7, 8-10","CLEAN","","Keep"
"99e9ea5f-7915-4bab-8f28-c64c030baec8","Separate Is Never Equal","Duncan Tonatiuh","8-10","CLEAN","","Keep"
"d6c2204a-9dfc-4f6f-a649-536d3430047b","Separate Is Never Equal","Duncan Tonatiuh","8-10","CLEAN","","Keep"
"c4a50948-cf53-4caa-853e-5281f9bbe239","Shark Lady","Jess Keating","8-10","CLEAN","","Keep"
"a717fa07-f68a-436e-910c-d7a078c7d8aa","Shining Star: Vera Rubin Discovers Dark Matter","Suzanne Slade","5-7","CLEAN","","Keep"
"e8273e13-9ad5-4207-88a1-d923e62ae255","Shipwreck at the Bottom of the World","Jennifer Armstrong","10-12","CLEAN","","Keep"
"17a00390-9528-454e-a360-16460d43265c","Shipwrecked! by the Laws of Science: How 14 Shipwrecks Redefined What We Know About Our World","Martin W. Sandler","8-10","CLEAN","","Keep"
"65aa12d0-d4aa-4ad1-9ce7-1d17ac1304dd","Sideways Stories from Wayside School","Louis Sachar","5-7","CLEAN","","Keep"
"243fd485-11db-4113-b4e5-202bb89d2cdf","Simon Sort of Says","Erin Bow","8-10","CLEAN","","Keep"
"f4ee2fbb-9008-4c08-a882-986736b76901","Six Dots: A Story of Young Louis Braille","Jen Bryant","5-7, 8-10","CLEAN","","Keep"
"babc48d1-03f5-4ad9-b324-398585564ccc","Speak","Laurie Halse Anderson","10-12","REMOVE","Sexual assault (rape) is the explicit central subject; DB heads_up confirms this directly. Automatic ban: sexual content/sexual assault.","Remove immediately"
"da5b14b2-cede-4fac-9f15-f909f0c9bcd9","Stalactite and Stalagmite: A Big Tale From a Little Cave","Drew Beckmeyer","5-7","CLEAN","","Keep"
"dfb5d311-d062-47ed-97eb-5cb0f2164632","Stamped: Racism, Antiracism, and You","Jason Reynolds & Ibram X. Kendi","10-12, 8-10","CLEAN","","Keep"
"fc2b9d38-99f0-470f-8f2f-dc896bb523ee","Stellaluna","Janell Cannon","2-4, 5-7","CLEAN","","Keep"
"e7f81eb7-3dc4-4441-ab05-6114eeaa3e37","Steve Jobs: The Man Who Thought Different","Karen Blumenthal","10-12","CLEAN","","Keep"
"2c9db5d8-fe20-4e87-8add-6cb4c56b701f","Still Life","Alex London","5-7","CLEAN","","Keep"
"c74b07be-1021-45cd-94f3-454d568b3da1","Stone Soup","Jon J Muth","5-7","CLEAN","","Keep"
"3812272a-c4ae-4966-9f81-d93ab32544bd","Stop That Mop!","Jonathan Fenske","2-4, 5-7","CLEAN","","Keep"
"eb66ab88-d998-4ff7-9de4-902c1e841a38","Stuart Little","E.B. White","5-7, 8-10","CLEAN","","Keep"
"32efc50d-50b3-4b06-b7d8-590d66b9e9d8","Sulwe","Lupita Nyong'o","2-4, 5-7","CLEAN","","Keep"
"f91b7100-69c7-424a-b9bc-8bf4379057c3","Sunday","Marcelo Tolentino","2-4","CLEAN","","Keep"
"3932edb2-aea6-455d-be7b-d13100d9cae3","Sundust","Zeke Peña","5-7","CLEAN","","Keep"
"75af5533-9a1e-4b78-ac74-82ed89b7d115","Swimmy","Leo Lionni","2-4, 5-7","CLEAN","","Keep"
"fbbd7850-73da-4b53-9c22-46b928ce02d1","Swirl by Swirl: Spirals in Nature","Joyce Sidman","5-7","CLEAN","","Keep"
"52ad8126-48d6-41b3-a97a-0cb4cedc2099","Sylvester and the Magic Pebble","William Steig","2-4, 5-7","CLEAN","","Keep"
"f7e97f0f-8ca9-400b-8a50-6e9206482aa9","Temple Grandin","Sy Montgomery","10-12","CLEAN","","Keep"
"9214e510-21a7-421d-86df-ca8515fb71af","The Arabian Nights: Tales of 1001 Nights (Retold for Children)","Hanan Al-Shaykh","10-12","CLEAN","","Keep"
"147b0b62-b2cd-4830-9627-c32039aed9d9","The Astronaut Who Painted the Moon","Dean Robbins","5-7, 8-10","CLEAN","","Keep"
"e0b1627b-cacd-4c09-933e-7925c4561507","The Bear Out There","Jess Hannigan","2-4","CLEAN","","Keep"
"fb75474b-fc92-4ec8-8fbb-04eb162b2185","The Beetle Book","Steve Jenkins","8-10","CLEAN","","Keep"
"e233c979-8bb2-4fa5-9104-12f044ebbbd3","The Big Red Barn","Margaret Wise Brown","2-4","CLEAN","","Keep"
"f3dc1bda-55bd-4cf9-b5e8-e0d1a0a0fa12","The Biggest Bear","Lynd Ward","2-4, 5-7","CLEAN","","Keep"
"2093f602-f7f1-4953-ac34-f8ff61299852","The Book of Turtles","Sy Montgomery","5-7, 8-10","CLEAN","","Keep"
"c9224cbe-4a82-4c0b-aab0-9d6141021e5c","The Book With No Pictures","B.J. Novak","2-4","CLEAN","","Keep"
"c53c654e-74ce-4533-949d-f2810f50a9e3","The Boy Who Harnessed the Wind (Young Readers Edition)","William Kamkwamba & Bryan Mealer","8-10","CLEAN","","Keep"
"f8c2e905-6943-4358-ad88-cfce286fb793","The Bug Girl","Benjamin Harper & Sarah Glenn Marsh","5-7, 8-10","CLEAN","","Keep"
"652a4a92-4fe3-4c8d-b1f6-b63dc21bb6bb","The Carrot Seed","Ruth Krauss","2-4","CLEAN","","Keep"
"7dd3ee76-c8ad-4bf6-b8cd-06c89f078ce7","The Catcher in the Rye","J.D. Salinger","10-12","REMOVE","Contains pervasive profanity, explicit reference to hiring a prostitute, sustained alcohol and tobacco use, and depression with suicidal ideation. Multiple automatic bans.","Remove immediately"
"48c7b11a-6894-40a1-b67d-8bd5ef8d65f7","The Chocolate War","Robert Cormier","10-12","REMOVE","Contains sexual content (masturbation scenes), profanity throughout, and graphic physical violence. Multiple automatic bans.","Remove immediately"
"b05ba6b0-0128-43bd-8021-bbf22bf7262c","The Cricket in Times Square","George Selden","5-7, 8-10","CLEAN","","Keep"
"4f11b53c-6250-47bf-80ca-8778c3c644c4","The Darkest Dark","Chris Hadfield","5-7","CLEAN","","Keep"
"9ad06389-431f-4d26-b414-3f4c7e887032","The Day the Books Disappeared","Joanna Ho","5-7","CLEAN","","Keep"
"22e98cd3-6db4-4346-b4ac-df8b770c97bf","The Day the Crayons Quit","Drew Daywalt","2-4, 5-7","CLEAN","","Keep"
"f263e9df-148b-4056-aa98-19cbdb39bd47","The Devil in the White City","Erik Larson","10-12","REMOVE","Adult nonfiction about a serial killer's murders described in graphic detail. DB confirms ""Serial murder is a parallel narrative."" Automatic ban: graphic violence.","Remove immediately"
"51b5caee-1c68-41db-8be6-a053df58b774","The Dot","Peter H. Reynolds","2-4, 5-7","CLEAN","","Keep"
"10d5d8c1-b00a-41e6-b9c8-415819b1ab76","The Dot","Peter H. Reynolds","5-7","CLEAN","","Keep"
"10d434b4-4436-45e2-a239-77387e5bc693","The Enigma Girls: How Ten Teenagers Broke Ciphers, Kept Secrets, and Helped Win World War II","Candace Fleming","10-12, 8-10","CLEAN","","Keep"
"3d6600b3-ffc9-4c20-9779-7ba7aa00316f","The Evolution of Calpurnia Tate","Jacqueline Kelly","10-12","CLEAN","","Keep"
"fbd33b8a-7fbb-45d1-8f43-8e7b039ac14c","The Eyes and the Impossible","Dave Eggers","8-10","CLEAN","","Keep"
"71aacee5-d8a6-47ae-a69f-dc7cf0afe970","The Fabulous Fannie Farmer: The Woman Who Changed the Way America Cooks","Emma Bland Smith","5-7","CLEAN","","Keep"
"e6035f6d-fe19-4018-a253-97e023950147","The Fantastic Undersea Life of Jacques Cousteau","Dan Yaccarino","5-7","CLEAN","","Keep"
"33d7446f-af57-4170-90f6-6f3789f8b710","The First State of Being","Erin Entrada Kelly","8-10","CLEAN","","Keep"
"6091c39a-c911-41b8-ae25-00f48e5c470e","The Fourteenth Goldfish","Jennifer L. Holm","10-12","CLEAN","","Keep"
"013bbf8b-3c5c-485a-b29e-0e5475779d8f","The Garden of Abdul Gasazi","Chris Van Allsburg","2-4, 5-7","CLEAN","","Keep"
"d0a2bad1-3027-4669-a244-7cfd1c301a15","The Genius of Islam","Bryn Barnard","10-12, 8-10","CLEAN","","Keep"
"ec9390ea-b374-49b9-8ff3-419f180a5c92","The Girl Who Drew Butterflies","Joyce Sidman","10-12, 8-10","CLEAN","","Keep"
"b920893f-d8bc-4cbf-9d85-7d18dea16f49","The Girl Who Drew Butterflies","Joyce Sidman","10-12, 8-10","CLEAN","","Keep"
"9b82155c-7913-4822-85d2-d86bf59254ee","The Girl Who Thought in Pictures","Julia Finley Mosca","5-7, 8-10","CLEAN","","Keep"
"2279424a-cf6b-4916-b1ab-a5b9a259a6e4","The Giving Tree","Shel Silverstein","2-4, 5-7","CLEAN","","Keep"
"1bf8f9d6-ec31-4a51-b64f-7ca3dd8ef50a","The Good Egg","Jory John","5-7","CLEAN","","Keep"
"29f0f6a1-50a4-4922-80f3-294584b2b302","The Great Brain","John D. Fitzgerald","5-7, 8-10","CLEAN","","Keep"
"f39b3106-fb3e-489b-90f7-e610081fcc52","The Great Kapok Tree","Lynne Cherry","5-7, 8-10","CLEAN","","Keep"
"31b4863b-8e82-4748-b9a4-1163dcf7195e","The Great Wall of Lucy Wu","Wendy Wan-Long Shang","8-10","CLEAN","","Keep"
"31dbad49-7025-4c99-8245-4e12bbe74d79","The Hello Goodbye Window","Norton Juster","2-4","CLEAN","","Keep"
"3ed5cb33-d727-4358-a28e-59f861a4ccfb","The History of We","Nikkolas Smith","5-7","CLEAN","","Keep"
"64b561f6-80ac-4bcc-b8b8-48831eaedb7a","The Honey Bee","Kirsten Hall","2-4","CLEAN","","Keep"
"95fcebf3-cdf9-43c0-ac28-b0f6cff897cc","The Hundred Dresses","Eleanor Estes","8-10","CLEAN","","Keep"
"d82370df-abda-4756-ba5b-fc636779146d","The Iguanodon's Horn: How Two Centuries of Mystery, Mistakes, and Fossil Fixes Changed the Way We Look at Dinosaurs","Sean Rubin","5-7, 8-10","CLEAN","","Keep"
"b4a7aeec-7a55-4cd8-9a03-b51680f7a768","The Impossible Creatures","Katherine Rundell","10-12, 8-10","CLEAN","","Keep"
"66e09d05-82af-45f5-b301-ba0ebcda36bc","The Incredibly Human Henson Blayze","Derrick Barnes","8-10","CLEAN","","Keep"
"33335f36-1a1d-458f-997e-ef9e5e2c4902","The Invisible Parade","Leigh Bardugo and John Picacio","5-7","CLEAN","","Keep"
"f7aebc9f-6d92-4da4-9de8-610f8423081b","The Iridescence of Birds","Patricia MacLachlan","5-7","CLEAN","","Keep"
"7898ea87-a970-4736-aed4-4853c99e7a04","The Keeping Quilt","Patricia Polacco","2-4, 5-7","CLEAN","","Keep"
"4b583c71-917b-4d6e-a693-f37ea19f85e4","The Last Mapmaker","Christina Soontornvat","5-7, 8-10","CLEAN","","Keep"
"1ae3aa56-373d-4ff4-ae95-37b15b2c7963","The Lemonade War","Jacqueline Davies","5-7, 8-10","CLEAN","","Keep"
"2f5f79d2-37cc-4e37-99a6-faf11d44d7a2","The Library in the Woods","R. Gregory Christie","5-7","CLEAN","","Keep"
"c91b8f1f-ee92-473d-98d6-b5fadcb9f097","The Lighthouse Keeper","Eugenio Fernández Vázquez","2-4, 5-7","CLEAN","","Keep"
"7b51ed13-7aff-498d-bef0-5917d58b88fd","The Listening Walk","Paul Showers","2-4, 5-7","CLEAN","","Keep"
"ef8874ad-9b6f-4064-9066-c6838f9290e4","The Little House","Virginia Lee Burton","2-4, 5-7","CLEAN","","Keep"
"6a899655-e69e-41bb-a5c6-1b6f498c7985","The Lorax","Dr. Seuss","2-4, 5-7","CLEAN","","Keep"
"7fb8eb2e-b322-41a1-a5c7-90af54aecb92","The Lost City of Z (Young Readers Edition)","David Grann","10-12, 8-10","CLEAN","","Keep"
"478900ef-be38-4908-bb99-f613975dcd6d","The Lumbering Giants of Windy Pines","Mo Netz","8-10","CLEAN","","Keep"
"7323a15c-c368-4e6f-bc7a-4bb803520a0d","The Many Assassinations of Samir, the Seller of Dreams","Daniel Nayeri","8-10","CLEAN","","Keep"
"b9d3cdbb-1352-44dc-8fc6-e5dbe3066e17","The Map Trap","Andrew Clements","8-10","CLEAN","","Keep"
"9f92c599-c5e1-4f13-897c-32e6d87c1dc4","The Marvellers","Dhonielle Clayton","5-7, 8-10","CLEAN","","Keep"
"b90ce443-978b-4bb8-aebb-915dc877be54","The Moffats","Eleanor Estes","5-7","CLEAN","","Keep"
"7895644f-0f3c-4a9a-b591-662adc18f8f5","The Mona Lisa Vanishes: A Legendary Painter, a Shocking Heist, and the Birth of a Global Celebrity","Nicholas Day","8-10","CLEAN","","Keep"
"fbeac55d-117f-41f9-a184-3379bb6b3e5d","The Most Magnificent Thing","Ashley Spires","5-7","CLEAN","","Keep"
"136580be-f8f4-4eec-a195-e71b9ca2f2a0","The Most Magnificent Thing","Ashley Spires","5-7","CLEAN","","Keep"
"8c8af4c0-4610-4402-9e7a-ce2ec930d15f","The Name Jar","Yangsook Choi","5-7","CLEAN","","Keep"
"8b1eb658-0636-439f-8671-01ec44e019b0","The Name Jar","Yangsook Choi","5-7","CLEAN","","Keep"
"10ca9ca4-fd5c-47bf-899c-cb3c10960301","The Napping House","Audrey Wood","2-4","CLEAN","","Keep"
"1ca9506a-27de-44c1-87e3-20694c246137","The Nine Moons of Han Yu and Luli","Karina Yan Glaser","5-7, 8-10","CLEAN","","Keep"
"cb1d8d4c-cfe3-4daf-bc83-1c2016308fb2","The One and Only Ivan","Katherine Applegate","8-10","CLEAN","","Keep"
"82349b5f-824f-4da9-acd9-633e4c85707f","The One and Only Ruby","Katherine Applegate","5-7, 8-10","CLEAN","","Keep"
"0791ad02-190d-477f-8bc8-14d8940c5c87","The Pecan Sheller","Lupe Ruiz-Flores","10-12, 8-10","CLEAN","","Keep"
"3d726590-8045-4247-8e6a-3e856186450a","The Penderwicks on Gardam Street","Jeanne Birdsall","5-7, 8-10","CLEAN","","Keep"
"bccdd045-7863-4dfa-b59d-cc199143a9a9","The Phantom Tollbooth","Norton Juster","5-7, 8-10","CLEAN","","Keep"
"2846ce50-906b-4d29-aab4-734c7ee2cc8d","The Poisoned King","Katherine Rundell","10-12, 8-10","CLEAN","","Keep"
"1ad99951-287e-4460-8df5-fbe74420d633","The Pout-Pout Fish","Deborah Diesen","2-4","CLEAN","","Keep"
"92398cb1-40ed-4273-bc03-56119e5731e5","The Promise","Nicola Davies","5-7, 8-10","CLEAN","","Keep"
"cb7e34e5-ae22-4901-8833-1632ca317434","The Recess Queen","Alexis O'Neill","2-4, 5-7","CLEAN","","Keep"
"d9e4d160-c321-4088-aa30-6f75fdd9b1cf","The Relatives Came","Cynthia Rylant","2-4, 5-7","CLEAN","","Keep"
"c2ae398e-a709-4de1-bd0f-67a985a274c4","The Scarlet Letter","Nathaniel Hawthorne","10-12","REMOVE","Adultery and sexual sin are the primary subject matter of the entire text. Automatic ban: sexual content.","Remove immediately"
"6363a142-48a5-4cd7-be35-05a1b5cbe36f","The Search for the Giant Arctic Jellyfish","Chloe Savage","5-7, 8-10","CLEAN","","Keep"
"15cbccb9-2acd-44af-9312-01d3e4f2e0f8","The Shortest Day","Susan Cooper","5-7, 8-10","CLEAN","","Keep"
"ff48b7ac-28e1-4e6a-984a-b266f23ccf9e","The Skeleton Inside You","Philip Balestrino","5-7","CLEAN","","Keep"
"863fa5ef-d442-437e-a15a-1f0f50cc699f","The Skull: A Tyrolean Folktale","Jon Klassen","5-7, 8-10","CLEAN","","Keep"
"d167c53f-f92b-4c19-b0c9-54523931a26c","The Slightly Spooky Tale of Fox and Mole","Cecilia Heikkilä","5-7","CLEAN","","Keep"
"a91f8ae6-8fb6-43cd-9181-24d896e9bd19","The Snail and the Whale","Julia Donaldson","2-4, 5-7","CLEAN","","Keep"
"a2e09e27-36c8-49e9-bfd1-1f29e356d4a7","The Teacher of Nomad Land: A World War II Story","Daniel Nayeri","10-12, 8-10","CLEAN","","Keep"
"bf68cb95-57e8-4004-8507-a60eaa6594e0","The Tenth Mistake of Hank Hooperman","Gennifer Choldenko","8-10","CLEAN","","Keep"
"f1e1a3f5-4000-4c71-b04b-3e857ede7dc6","The Trumpet of the Swan","E.B. White","5-7, 8-10","CLEAN","","Keep"
"3063c2bc-0e82-497d-806b-bdb62bcd24ed","The Truth about Dragons","Julie Leung","2-4, 5-7","CLEAN","","Keep"
"5bd407cd-074f-404c-adea-02af3c449cd3","The Ugly Five","Julia Donaldson","2-4, 5-7","CLEAN","","Keep"
"ee65fccd-ba74-498f-887b-acfd3d7ae998","The Undefeated","Kwame Alexander","10-12, 8-10","CLEAN","","Keep"
"f1d7c793-3417-4213-b9df-0a777d0ec403","The Very Hungry Caterpillar","Eric Carle","2-4","CLEAN","","Keep"
"387d5b96-6ce7-4c00-a517-feea455729fb","The Very Quiet Cricket","Eric Carle","2-4","CLEAN","","Keep"
"773a213f-f1ed-4df8-9a6a-f400de573c50","The Water Princess","Susan Verde","2-4, 5-7","CLEAN","","Keep"
"68871a75-fe24-4269-b1a9-2c83e1a589a4","The Way I Feel","Janan Cain","2-4","CLEAN","","Keep"
"d1c1427a-e4c8-450e-9530-f340178d6323","The Wild Robot Protects","Peter Brown","5-7, 8-10","CLEAN","","Keep"
"3a4d3b3d-0d2b-4c3b-a5e2-5ba7f5a4f296","The World Is Waiting for You","Barbara Kerley","8-10","CLEAN","","Keep"
"81ad82ba-60b4-4d23-b774-cf8839308b6f","The Yellow Bus","Loren Long","2-4, 5-7","CLEAN","","Keep"
"723695f6-6f46-46a9-ace7-489368e8a998","There Was a Party for Langston","Jason Reynolds","2-4, 5-7","CLEAN","","Keep"
"4207d9b3-eb32-454e-84b1-2655737f6804","This Is Not My Hat","Jon Klassen","2-4, 5-7","CLEAN","","Keep"
"74e813b3-e721-4ef1-8ae7-9f68b6e028b2","Those Shoes","Maribeth Boelts","5-7","CLEAN","","Keep"
"ad14c910-df68-417f-9831-6383a5c1f4ee","Those Shoes","Maribeth Boelts","5-7","CLEAN","","Keep"
"16a917e6-21c1-4d6f-98d7-7db99bd63f3b","Thunder Cake","Patricia Polacco","2-4, 5-7","CLEAN","","Keep"
"fb6c3825-cf62-4cad-8443-704cbd5ca38a","Tiny But Mighty","Hannah Shaw","8-10","CLEAN","","Keep"
"6dfde4e8-3ea9-4721-b5b7-c7f85aadd8e9","Tiny Creatures: The World of Microbes","Nicola Davies","5-7","CLEAN","","Keep"
"d39cfd58-7a23-480d-8e1c-a82179da2f55","Tiny, Perfect Things","M.H. Clark","2-4","CLEAN","","Keep"
"b30985e9-8191-4af9-a34b-975972e36415","To Market, To Market","Anushka Ravishankar","2-4","CLEAN","","Keep"
"b8fe33d4-df40-4627-836b-2596e8734c90","Too Much: An Overwhelming Day","Jolene Gutierrez","2-4","CLEAN","","Keep"
"3f342aec-3941-4d69-ab06-02534d97bcae","Tops and Bottoms","Janet Stevens","2-4, 5-7","CLEAN","","Keep"
"4fd887ec-6984-4664-8564-e72eee0b5463","Towed by Toad","Jashar Awan","2-4","CLEAN","","Keep"
"71eabd85-0599-49f2-867b-b3de4230a3fb","Tuck Me In! A Science Bedtime Story","Nathan W. Pyle","2-4","CLEAN","","Keep"
"73bf1171-23da-44f3-8d85-34c9ed9248c2","Under My Hijab","Hena Khan","5-7","CLEAN","","Keep"
"9216b1b4-e511-470d-812b-807dd7074942","Unflappable","Matthew Ward","2-4, 5-7","CLEAN","","Keep"
"a304bfeb-1001-49c5-80fe-3b2c7ea0146f","Wanda Hears the Stars: A Blind Astronomer Listens to the Universe","Amy S. Hansen and Wanda Díaz Merced","5-7, 8-10","CLEAN","","Keep"
"2ec9dcd8-b953-43c9-a9e6-038d112f28f4","Wangari's Trees of Peace","Jeanette Winter","8-10","CLEAN","","Keep"
"9bd750b9-047f-4b06-83b8-77af77a084a1","Watercress","Andrea Wang","5-7, 8-10","CLEAN","","Keep"
"e8dab9b4-63ba-485f-8314-e2f09773d625","We Are Water Protectors","Carole Lindstrom","2-4, 5-7","CLEAN","","Keep"
"73c66d22-6836-4eb8-90fb-de8ba318f613","We Go Way Back: A Story of Life on Earth and How It All Began","Idan Ben-Barak","2-4, 5-7","CLEAN","","Keep"
"e15a32d2-db46-45a1-b7c0-4bd0bc90bde8","Wemberly Worried","Kevin Henkes","2-4, 5-7","CLEAN","","Keep"
"7fb484a2-68af-4f00-8168-a64ab5a3de94","What Do You Do with a Chance","Kobi Yamada","2-4, 5-7","CLEAN","","Keep"
"e7e123fd-3d9b-40ec-a247-576cd0eadccc","What Do You Do With an Idea?","Kobi Yamada","5-7","CLEAN","","Keep"
"510c58ce-c543-4993-a103-dfd1d3ac0f41","What Do You Do With an Idea?","Kobi Yamada","5-7","CLEAN","","Keep"
"f3d07dec-4391-4bc7-9b2f-c5c82ffe31e4","When the Sea Turned to Silver","Grace Lin","8-10","CLEAN","","Keep"
"1668b500-aeab-4f2b-b844-b96fe436ce63","Where Only Storms Grow: A Novel About the Dust Bowl","Alyssa Colman","8-10","CLEAN","","Keep"
"6b59dd98-013d-4778-b284-6a6fd5deb6f8","Where the Wild Things Are","Maurice Sendak","2-4","CLEAN","","Keep"
"5fb33474-a3aa-494f-9f93-359fbf1a2159","Will's Race for Home","Jewell Parker Rhodes","5-7","CLEAN","","Keep"
"71cf6a77-21f7-42c2-8868-8b3867016890","Wombats Are Pretty Weird: A (Not So) Serious Guide","Abi Cushman","5-7","CLEAN","","Keep"
"268d5a5b-54b3-4d63-945d-9b1abd58d4db","Worm and Caterpillar Are Friends","Kaz Windness","5-7","CLEAN","","Keep"